country_name,continent,prevalence,tertile,RTDs/High-Strength Premixes,Processed Fruit and Vegetables,Processed Meat and Seafood,Ready Meals,"Rice, Pasta and Noodles","Sauces, Dressings and Condiments",Soup,Spreads,Chocolate Confectionery,Gum,Sugar Confectionery,Savoury Snacks,"Sweet Biscuits, Snack Bars and Fruit Snacks",Bottled Water,Carbonates,Concentrates,Juice,Sports and Energy Drinks,Coffee,Tea,Other Hot Drinks,Baked Goods,Breakfast Cereals,Butter and Margarine,Cheese,Edible Oils,Beer,Spirits,Wine,Eggs,Fish and Seafood,Fruits,Meat,Nuts,Pulses,Starchy Roots,Sugar and Sweeteners,Vegetables,Baby Food,Drinking Milk Products,Yoghurt and Sour Milk Products,Other Dairy,Ice Cream and Frozen Desserts,Cocoa Powder,Emulsifiers and Co-Emulsifiers,Fats and Oils,Flours,Milk
Viet Nam,Asia,0.0160478,1,0,101.6666667,388.3666667,55.3,5116.533333,3565.933333,0,16.36666667,38.1,76.53333333,523.1,481.4333333,516.5333333,3904.233333,4723.566667,1.833333333,746.5,1537.833333,625.4333333,167.7,118.6666667,1577.1,1.833333333,61.2,32.26666667,3979,17720.4,210.2333333,289.7333,2443.966667,11687.06667,48300.73333,35366.93333,11961.46667,1911.633333,47686.83333,9340.2,113147.6333,437.6333333,3850.766667,985.3666667,1310.933333,250.6,31.1,11.5,4284,3710.033333,5072.233333
India,Asia,0.0187863,1,5.866666667,37.83333333,12.46666667,13.86666667,1144.966667,209.1666667,3.3,16.86666667,41.33333333,17.53333333,101.3666667,222.7,867.6666667,1536.3,1706.566667,28.23333333,320.9333333,4.933333333,34.7,285.2,107.6333333,2109.4,7.4,488.2,43.36666667,2117.566667,1009.966667,1245.7,7.5333,1667.5,4439.1,34956.83333,3054.766667,11046.4,14405.73333,20240.8,10976.26667,68016.63333,39.43333333,9137.833333,263.7,52.53333333,117.8,13,12.06666667,2703.466667,1925.8,9495.366667
Japan,Asia,0.0448369,1,4773.366667,7882,31266.5,11406.53333,51489.86667,28564.6,960.5666667,584.9666667,1127.5,318.7,1799.966667,5384.233333,2149.366667,22010.03333,28788.46667,307.3333333,20492.8,14434.53333,1492.866667,954.0333333,115.8666667,22090.56667,233.7666667,1129.566667,1700.966667,6821.133333,50449.36667,8915.1,7246.0333,10332.16667,16464.86667,27402.76667,27295.76667,167.0333333,145.9333333,8128.233333,9640.866667,100732.6667,366.5,33589.8,9963.8,1775.833333,5336.266667,259.1,273.9333333,14994.76667,26887.76667,47567.5
Kenya,Africa,0.0464936,1,195.8666667,59.3,237.9,0,2079,129.7666667,9.633333333,23.96666667,43.16666667,24.63333333,112.3666667,116.3,251.2666667,5467.833333,7951.1,26.16666667,1128,33.06666667,24.63333333,509.6333333,55.16666667,3054.5,174.0333333,8216.5,6.566666667,3700.6,11499.1,308.8333333,453.4,846.3,697.6333333,3595.366667,3987,85.1,236.5,3440,3960.833333,5028.533333,52.93333333,11025.76667,512.7333333,0.866666667,142.5666667,10.3,57.76666667,10567.7,2527.933333,11461.53333
Indonesia,Asia,0.0468162,1,22,150.4666667,506.8,3.166666667,33005.63333,3054.8,1.566666667,61.6,246.4666667,39.83333333,619.1,1251,797.3666667,48291.76667,2537.766667,284.5,434.9666667,1033.833333,1070.633333,335.0333333,323.8,3154.5,19.06666667,197.4333333,50.7,4258.866667,632.4666667,17.66666667,80.5,3189.866667,21527.1,44705.4,8121.2,14525.16667,952.4666667,63010.36667,7605.2,39025.73333,644.5666667,1489.1,276.3,1462.966667,403.8,79.16666667,27.63333333,5130.233333,6929.6,2969.766667
China,Asia,0.0549624,1,13.5,489.5333333,2108.066667,372.5,7443.766667,5789.666667,1.566666667,113.6,60,90,1082,1170.5,1079.733333,12520.36667,7683.766667,3.633333333,5442.666667,652.1,28.63333333,233.8,716.8,3744.9,64.23333333,21,12.03333333,4669.8,28878.93333,2833.5,1868.4667,14555.5,21395.06667,94882,39899.73333,4144.266667,716.7333333,57375.56667,4935.166667,141560.1333,225.6333333,9707.733333,1889.8,48.93333333,2173.5,77.46666667,33.6,5639.366667,6677.033333,10232.66667
Pakistan,Asia,0.0590851,1,0,21.3,21.16666667,1.733333333,1102.9,96.06666667,1.766666667,20.13333333,45.8,55,181.0333333,141.7,845.2333333,1293.233333,4253.5,43.23333333,2327.1,1.266666667,10.56666667,1287.3,0.333333333,2417.566667,10.36666667,484.5,27.36666667,1999.066667,44.23333333,44.2,0,1583.333333,4573.133333,34952.03333,5162.633333,359.6666667,9908.866667,19497.66667,26243.43333,72780.13333,76.7,4773.133333,8.333333333,142.6,182.6,12.16666667,10.06666667,2664.633333,2006.133333,4857.6
Singapore,Asia,0.0632939,1,72.13333333,6534,5255.333333,889.4,42256.3,5492.866667,592.4,1147.466667,970.6333333,2.9,884.1333333,2654.5,2830.6,15262.16667,28420.8,343.9,16018.46667,5568.433333,1953.6,347.6,1935.433333,18112.6,707.0333333,1159.5,1395.6,10624.3,18441.86667,631.7666667,1468.6333,14890.03333,27870.2,72948.46667,60666.83333,7484.266667,4571.966667,14040.4,15196.96667,88776.16667,1150.8,21579.5,2841.2,4714.166667,4760.966667,280.5333333,134.4333333,14444.63333,17122.06667,26384
Philippines,Asia,0.0643574,1,49.3,1036.266667,3804.533333,122.3,3629.4,2680.766667,43.93333333,193.9,258.2666667,181.8333333,540.5666667,1917.2,712.2,40542.7,32445.3,207.0333333,4194.766667,566.3666667,333.8,25.7,392.8,3412.366667,141.6333333,808.3,570.4666667,4776.7,15565.3,5657.233333,105.6,4510.066667,30307.63333,66319.53333,25298.26667,6932.066667,2141.966667,26663.06667,11000.9,54906.13333,593.2666667,2673.333333,528.1666667,1094.933333,553.1666667,67.3,57.1,6523.7,4945.6,4197.366667
Nigeria,Africa,0.0704805,1,101.2666667,66.63333333,57.4,0,5092.2,2420.233333,8.766666667,19.46666667,6.766666667,51.8,334.4333333,69.83333333,414.6666667,90111.06667,6796.266667,17.53333333,1774.933333,703.5666667,5.5,19.53333333,274.7333333,3433.466667,224.6333333,129.7333333,0.766666667,536.2666667,7604.933333,892.2333333,154.9,2921.166667,3868.1,21170.03333,9295.633333,306.1333333,2913.2,13796.2,15551.03333,45772.3,160.7666667,531.6333333,314.8,940.7333333,99.96666667,44.03333333,35.86666667,988.7,3898.366667,1335.633333
Republic of Korea,Asia,0.0726492,1,76.83333333,2790,10688.66667,602.1333333,73856.06667,18892.16667,187,359.6,639.3666667,256.8,818.3,2653.3,1692.5,22669.6,24251.1,99.93333333,10476.63333,2565.133333,2032.133333,114.4666667,139.8333333,3420.366667,428.5,714.9333333,1433.566667,6631.433333,38133.86667,24353.53333,4946,10775.53333,49857.23333,52778.86667,42265.93333,7169.5,1661.466667,13568.96667,14738.1,75331.43333,434.2333333,31600.66667,6489.466667,323.1,4688.466667,108.5,129.4,10496.46667,14533.73333,35385.1
Taiwan,Asia,0.0837898,1,154.8,5410.733333,4694.6,5321.1,34733.23333,7667.333333,265.9666667,180.4666667,502.9333333,237.6,1406.233333,2452.833333,1173.4,25035.3,15391.73333,38.1,9529.5,4122.333333,486.9,270.8333333,340.1666667,7232.033333,568.2,481.9333333,427.9333333,11678.66667,21391.7,2491.966667,1083.2667,13602.2,50897.3,89829.16667,71357.2,7258.933333,1532.7,31209.03333,3266.733333,110252.1,892.7333333,24079.43333,5220.066667,1519.166667,1596.333333,152.1,83.76666667,14363.03333,10572.2,26402.9
Thailand,Asia,0.0878584,1,265.4,453.3666667,950.5333333,245.3333333,14231.23333,6168.333333,22.5,127.5333333,81.1,65.23333333,503.1333333,1043.533333,506.3333333,52776.36667,31791.26667,136.1,2771.333333,5893.633333,1190.7,39.26666667,352.5666667,2316.166667,52.36666667,130.2333333,90.76666667,7480.733333,31077.9,9215.166667,125.6333,1730.033333,22532.86667,70391.2,23481.96667,5945.5,4049.5,4797.966667,30846.9,37089.56667,1156.166667,10149.9,4577.433333,4127.766667,647.5333333,63.63333333,45.86666667,8105.4,3701.6,13473.66667
Cameroon,Africa,0.1111498,1,642.2666667,85.53333333,554.4666667,1,14759.03333,1678.166667,0.4,259.5333333,113.1,126.0333333,33.9,37,204.2,4435.233333,10134.7,77.03333333,187.9666667,3.9,1050.966667,88.93333333,88.6,1323.433333,29.83333333,275.8666667,25.33333333,403.0333333,22762.8,126.0666667,203.2333,3203.166667,4241.466667,22785.4,10225.23333,304.1333333,3194.4,15127.76667,17052.13333,50190.13333,176.9333333,355.9666667,62.63333333,195.4666667,185.6666667,40.9,19.36666667,936.7,5649.5,618.3333333
China (Hong Kong SAR),Asia,0.11538,1,56.96666667,8027.8,12330.73333,2516.633333,49718.9,7317.533333,1487.666667,965.8,1009.166667,233.6333333,1054.633333,2316.666667,1171.633333,37522.06667,33655.63333,243.9333333,14818.83333,2501.933333,1075.433333,537.7666667,789.3333333,12483.3,587,2613.266667,648.2,4477.7,22152.5,613.2333333,2667.5333,18867.9,35542.96667,76692.9,72316.2,6850.666667,1587.5,34344.9,3449.233333,103468.6333,1613.766667,23671.8,4305.433333,8133.133333,2327.4,208.3666667,184.8,10792.43333,14762.9,19926.8
Malaysia,Asia,0.141835,1,20.3,2854.466667,3567.266667,210.1,48982.73333,4065.633333,102.9,528.9,399,67.4,622.8333333,2004.966667,967.8666667,10836.96667,14104.13333,783.5,4947.033333,6066.366667,1042.5,452.1333333,1370.566667,6394.733333,419.4666667,1164.1,256.2666667,27414.1,4799.666667,391.4,200.8333,10586.6,52740.5,70370.4,42196.43333,9925.633333,2477.166667,16649.6,32220.96667,37221.76667,1329.5,11274.36667,1252.433333,8143.133333,1568.666667,182.1333333,80.2,28218.53333,10234.4,13181.6
Switzerland,Europe,0.1468119,1,422.9,16872.1,15424.5,5210.933333,14446.43333,7233.033333,550.3333333,3381.433333,9334.6,226.7,2933.633333,4366.433333,5111.233333,115433.0667,77823.8,1137.933333,32173.2,5506.066667,4380.933333,386.3333333,888.5333333,62894.1,3458.333333,4984.766667,15668.1,0,55939.86667,2764.966667,38670.6,6454.933333,15311.6,62875.76667,53897.06667,1073.666667,684.9,42451.83333,7261.133333,46168.73333,645.0333333,67658.7,28040.76667,14082.83333,6874.966667,512,476.3666667,19602.33333,52400.3,117209.5
France,Europe,0.1557228,1,356.2333333,23373,20325.76667,11743.23333,12471.5,7740.733333,2687.9,4524.9,4187.866667,361.1333333,1665,4642.1,6151.333333,125325.9667,44794.53333,3597.233333,33613,328.7666667,3173.966667,210,1061.466667,75959.2,1941.8,6002.5,17093.66667,5293.433333,31864.06667,6075.8,40995.8667,11914.43333,6337.266667,40749,55696.9,280.2666667,1268.633333,31278.56667,8225.666667,43780.1,2952,61080.03333,21444.06667,17910.76667,4779.3,624.7333333,460.6333333,21313.03333,56882.53333,108848.7
Denmark,Europe,0.1618669,1,992.0666667,17516.46667,20947.1,4550.833333,8755.9,8763.733333,1472.4,3777.3,6195.8,304.7,8188.466667,6886.533333,5784.8,33019.46667,84611.8,5405.2,24674.5,710.5333333,6435.5,231.8,384.9333333,56739.76667,6507.266667,12387.03333,13716.03333,2546.866667,83267.16667,3576.9,30320.1,14051.96667,15220.1,97387.16667,49279.76667,3546.933333,675.7333333,70549,6697.766667,76432.53333,856.3,87943.93333,21079.4,11246.76667,7426.2,449.8333333,625.0333333,23800.5,40139.46667,127952.4333
Peru,America,0.1623706,1,110.5333333,468.3666667,1436.366667,12.33333333,14236.93333,1000.733333,9.833333333,261.2,430.1666667,211.9,626,963.4666667,1454.333333,6984.266667,49479.1,0,7277.066667,1328.333333,416.9333333,42.33333333,469.5666667,31510.46667,249.6,2708.133333,738.4,7614.2,32901.2,306.8,1094.0667,6646.766667,19276.63333,34034.4,36256.6,699.8333333,2176.466667,93395.36667,15887.8,22569.93333,106.9,8222.166667,3489.3,14369.96667,793.5666667,142.7666667,125.5,11110.83333,27759.66667,17815.16667
Sweden,Europe,0.1650207,1,1214.866667,22410.63333,35397.4,11984.46667,13503.9,13103.06667,3446.2,2677.033333,5692.866667,256,5111.433333,8862,3028.233333,27270.1,68214.03333,4711.9,35451.23333,1822.266667,9460.3,240.1,597.9,48698.23333,4570.433333,12861.13333,16442.26667,0,51377.13333,2643.766667,19698.4667,12581.4,18475.73333,72275.7,48576.03333,2837.366667,1713.1,33725.23333,5780.6,41538.16667,1571.066667,104488.2667,33684.56667,11663.3,8327.033333,385.7,591.3333333,22762.76667,42310.5,158673.7
Italy,Europe,0.168082,1,977.8666667,17237.83333,15768.33333,4418.766667,35029.03333,11993.36667,1128.233333,2278.3,2339.233333,370.9666667,1829.533333,5702,6589.166667,176253.8333,50801.33333,345.4,14796.76667,3082.166667,3646.533333,113.0333333,373.7333333,118915.5333,989.2333333,2048.533333,15158.86667,11283.83333,30149.23333,2860.066667,47471.3333,10920.66667,9219.466667,94957.43333,50562.2,875.1333333,4528.1,12080.7,9656.766667,65954.53333,1871.5,61773.53333,7124.266667,2549.433333,7885.3,589.3,506.9333333,22139.63333,103769.5667,86721.1
Uzbekistan,Asia,0.1688755,1,0,1652.666667,757.2333333,0,3542.2,512.2666667,0,1384.5,397.7,25.26666667,398.5666667,537.9666667,1969.733333,9318.5,8356,0,2008.866667,0,32.1,981.1666667,0,39023.56667,89.4,1288.533333,211.8333333,7504.533333,5415.3,2433.233333,574.9,3917.5,3402.233333,8151.066667,10723.36667,112.2333333,255.1333333,36032.53333,13803.1,28446.36667,159.0666667,5712.033333,6389.333333,1623.8,1247.6,39.2,45.53333333,9695.1,24425.46667,12996.46667
Romania,Europe,0.169666,1,6.766666667,3863.433333,10855.23333,153.9,7172.6,2262.466667,206.5333333,343.6333333,1784.133333,162,384.2333333,2357.9,1783.666667,53303.23333,85448.76667,665.4,13276.6,379.3,1828.133333,20.2,18.03333333,100529.2667,548.5333333,2784.133333,3465.1,9838.133333,96666.1,3207.066667,7964.3333,11933.63333,4433.6,48972.23333,51241.93333,434.1333333,1538.233333,99272,13212.6,169400.7,208.1,9655.166667,6286.533333,2348,1259.933333,72.93333333,350.0666667,14205.23333,61351.1,20255.43333
Netherlands,Europe,0.1714128,1,906.3333333,24005.73333,15575.7,7125.166667,7408.566667,14069.7,4888.866667,3811.166667,5275.133333,415.3333333,4972,8554.833333,10241.26667,25552.83333,72100.33333,3258.333333,41520.13333,6646.7,6901,671.9,229.2,80481.36667,1840.8,12334.5,11154.93333,3527.5,71435.8,3916.933333,22500.3667,7734.666667,14275.06667,68048.76667,58798.83333,3548.1,1416.633333,66090.5,5124.6,51224.66667,1580.533333,57248.03333,33144.33333,28622.43333,5828.233333,575.8333333,937.1333333,25961.8,54165.83333,112733.2
Greece,Europe,0.1723896,1,492.1666667,13111.63333,10953.9,2158.7,14110.23333,14032.6,25.23333333,1379.533333,2817.833333,317.7333333,639.1333333,3570,2330.166667,94713.93333,51968.9,234.1,18597.13333,1381.9,2573.9,27.7,245.3,75289.53333,1399.066667,3806.433333,15075.7,15917.6,39990.73333,4778.9,32526.4667,8143.533333,13369.23333,120306.7333,54804.43333,2676.5,3614.433333,56086.96667,22907.1,113093.8,2280.2,52229.56667,12054.86667,19095.56667,4792.433333,327.3666667,524.5666667,23913.6,56020.96667,89917.2
Algeria,Africa,0.1729748,2,0,376.5333333,783.1,2.866666667,7185.566667,1388.6,38.53333333,502.0333333,95.26666667,79,316.6333333,148.6,2076.166667,22755.76667,22900.3,49.9,12999.46667,11.33333333,2988.7,268.3333333,16.9,126945.4,43.2,1218.033333,1054.266667,10170.46667,2272,69.06666667,1291.3,5999.8,7945.133333,42691.43333,15147.7,570.1666667,5983.233333,28337.06667,31940.56667,94015.53333,358.7,46927.7,7724.166667,1302.866667,1267.966667,40.56666667,40.76666667,11299.7,87170.73333,55217.1
Colombia,America,0.1782674,2,170.8333333,959.3,3128.466667,176.4333333,34723.8,1383,63.7,240.0333333,248.3666667,151.9666667,905.6333333,3563.766667,1458.933333,16939.5,62041.13333,0.133333333,4133.733333,1329.966667,1494.9,14.76666667,1203.1,26846.96667,477.4666667,1504.066667,1109.3,6650.766667,39176.43333,2250.833333,269.7333,10809.7,3459.9,50051.63333,34163.63333,614,8704.5,127973.8,20197.43333,39710.06667,301.2666667,42182.16667,3036.9,1060.033333,1236.3,253.6666667,139.7666667,9366.2,22010.6,46546.53333
Austria,Europe,0.1817134,2,678.9666667,11647.76667,12753.33333,4694.033333,10762.4,10929.63333,1067.166667,3160.5,7242,174.5,3128.9,2884.866667,4427.8,81842.76667,74968.76667,2835.933333,28858.23333,6562.7,5026.8,315.9,834,76264.7,1451.2,7202.633333,9252.966667,6781.6,108636.6,3401.866667,34238.3,11057.3,8745.733333,74167.56667,48451.16667,1129.2,293.3333333,63838.96667,6800.933333,66196.26667,1329.366667,72355.96667,14522.73333,14840.8,7105.366667,527.9333333,581.4666667,23084.16667,52222.2,105503.6
Estonia,Europe,0.1842562,2,15908.9,6824.1,16138.33333,4044.833333,8562.666667,6976.933333,2023.233333,1976.366667,6041.666667,199.5,2045.633333,2338.266667,1321.766667,59143.3,36565.4,903.8333333,44888.43333,3691.366667,3909.866667,374.8333333,402.0666667,52009.4,3983.733333,7084.9,5866.566667,10268.3,91178.1,16232.4,10771.1333,10193.3,2603.733333,39874.36667,35690.56667,297.6333333,2827.166667,61005.8,37824.2,68082.5,331.3333333,41606.5,15937.06667,10780.4,4032.366667,243.4,528.7666667,23565.36667,34782.73333,69199.36667
Bolivia,America,0.1855065,2,319.7666667,632.6666667,1068.633333,61.9,34137.83333,1854.233333,17.43333333,323.0333333,291.5333333,392.9333333,811.5,1177.866667,1354.166667,5581.333333,48174.36667,0,4409.433333,503.7,346,139.1666667,135.1666667,25355.56667,366.7,900.9333333,1231.833333,7498.3,32819.76667,637.0666667,517.0667,4793.966667,2146.6,18100.16667,20008.23333,398.4333333,5441.8,78419.56667,31995.83333,24956.96667,250.0333333,12939.16667,2183.066667,2325.233333,822.1666667,107.2,144.9,9391.333333,20680.86667,15803.93333
Belgium,Europe,0.186661,2,392.3333333,30208.2,19078.06667,9102.933333,9166.5,10279.06667,3468.4,4724.2,5951.166667,257.7666667,2930.733333,4369.133333,9234.7,134936.1,110865.1333,970.9,29387.06667,4771.166667,5303.033333,140,394.4666667,73345.66667,2941.6,9477.2,15567.2,6813.766667,88443.16667,3229.466667,26938.9,12856.96667,16756.66667,63865.73333,64228.53333,1003.033333,1746.2,48390.2,8430.7,89169.8,2439.633333,68413.3,15318.96667,13231.93333,5340.3,654.5,690.0333333,28023.7,51698.56667,106396.2667
Brazil,America,0.1927766,2,349.3666667,2795.266667,3502.866667,554.4666667,45643.7,4710.333333,98.96666667,304.8,1160.1,289.0666667,1455.833333,2712.666667,4723.733333,24571.56667,70929.03333,1429.2,6081.733333,508.4,3930.366667,12.83333333,1868,31946.56667,225.2333333,3812.166667,3893.966667,12788.83333,56640.7,4531.866667,1892,6372.1,6723.8,81017.03333,80683.96667,12389.46667,11861.4,62146.36667,41770.83333,45087.56667,446.6666667,38556.9,4703.933333,3020.833333,1733.5,388.3333333,310.5333333,18868.6,27419.3,46030.03333
Finland,Europe,0.1957565,2,7385.633333,17362.36667,16173.16667,14705.13333,8026.6,10011.33333,4030.6,1968.266667,5613.833333,394.3666667,5336.9,5827.3,5347.966667,19411.76667,64486.33333,3887.4,50338.53333,3626.966667,9921.866667,231.2333333,614.9333333,60254.63333,4731.733333,13190.66667,15202.96667,2648.2,90879.46667,6330.5,12089.6667,8187.033333,22824.96667,53912.86667,37575.16667,3549.333333,1231.466667,54839.5,4414.3,54826.6,3898.5,129027.5333,40846.66667,13417.7,10903.1,428.8333333,714.9333333,21864,43986.5,189444
Macedonia (Former Yugoslav Republic of),Europe,0.1958403,2,139.3666667,2228.4,8383.433333,622.0333333,7968.3,5674.333333,297.4,1665.2,2521.666667,80,690.2666667,2722.733333,3374.733333,42621.43333,41655.1,1103.566667,24902.6,647.2333333,3645.533333,456.6333333,49.43333333,84528.56667,552.9,3363.033333,6889.333333,21326.73333,33273.5,1141.433333,10633.9,5337.866667,604,12808.23333,18838.53333,97.93333333,1289.633333,11312.86667,11949.33333,57837.56667,468.5,49319.03333,14131,1135.633333,3824.133333,154.8666667,397.9666667,26833.76667,56048.6,69617.06667
Norway,Europe,0.1965925,2,612.3,17295.26667,36891.16667,13728.63333,7149.233333,13166.3,1067.933333,5651.933333,6270.8,263.2333333,4102.533333,10525.13333,3228.133333,24792.36667,111357.1667,4311.5,31410.96667,1473.366667,6412.9,145.9666667,562.4,76391.9,3800.933333,9980.233333,14669.86667,1937.6,56019.2,3019.9,13678.7,8713.5,34930.4,77490.43333,37192.86667,1575.766667,804.8,53836.7,6246.3,39493.06667,1428.033333,89906.73333,17626.7,9888.933333,8208.7,548.3666667,1013.6,21985.1,50659.93333,128799
Ukraine,Europe,0.1974818,2,2187.633333,4699.1,8630.866667,2056.9,4740.633333,7664.4,193.7666667,312.8333333,3858,98.5,2686.966667,2490.633333,3536.533333,37371.93333,34297.03333,0,14755.06667,241.9,849.3,468.4666667,52.56666667,49904.03333,445.5333333,3478.6,3975.4,3894.966667,61213.36667,9117.066667,7940.1,14956.43333,8492.833333,24434.96667,34647.06667,269.8333333,2287.133333,108720.5667,25197.23333,117751,629.4,11218.56667,6515.633333,7352.133333,1701.4,110.5,499.6666667,13883.36667,34833.56667,26400
Morocco,Africa,0.1990421,2,5.966666667,697.9,1134.2,3.466666667,4996.9,1043.366667,11.16666667,679.8666667,303.8666667,213.2333333,455.0666667,317.0666667,1411.933333,12806.7,17289.9,43.86666667,2049.133333,33.3,295.8333333,1061.5,42.23333333,34936.9,157.1666667,1124.2,1549.9,14737.96667,3587.9,264.7,1298.2,8871.3,11224.03333,97357.93333,22457.03333,1465.3,9263.5,33564,30221.6,91357.73333,224.5333333,25249.13333,9405.166667,650.1,1040,35.73333333,55.03333333,15877.83333,25726.26667,34843.53333
Dominican Republic,America,0.2015383,2,84.86666667,1500.433333,1733.133333,37.56666667,66378.86667,1975.666667,154.8,577.6333333,480.0666667,192.2333333,1107.633333,1696.533333,1668.9,95716.93333,61271.5,125.4,8463.133333,4296.966667,3616.033333,3.5,327.5333333,11742.06667,601.6,473.3333333,1276.766667,6536.233333,41945.56667,4379.966667,589.8,8456.366667,3602.8,50811.9,31004.06667,845.8,5289.833333,7865.266667,24489.3,30577.23333,198.5666667,11599.36667,605.6,3772.566667,602.2333333,102.1333333,97.86666667,8258.133333,12788.5,15151.73333
Croatia,Europe,0.2061304,2,34.06666667,11046.83333,12356.7,1031.6,10933.73333,6330.166667,312.3333333,2337.9,3925.533333,289.1666667,1064.3,3734.7,5775.633333,56664.2,68886.3,3374.4,30763.06667,647.2,5926.066667,234.9333333,198.0333333,76590.43333,971.2666667,4414.7,6799.2,12709.76667,83312.66667,3570.233333,20720.5333,6924.3,1778.8,27007.5,24239.7,268.4666667,1909.366667,40890.86667,25681.6,46209.53333,1362.633333,65131.53333,13112.73333,8464.5,5098.266667,278.5666667,490.6,24109.83333,53856.53333,90272.96667
Guatemala,America,0.2061704,2,110.1,1579.233333,3243.766667,19.73333333,9212.8,1566.6,212.7,229.9666667,420.7666667,255.8333333,1073.8,4225.833333,2829.8,121504.1333,74213.5,1094.433333,12383.86667,2203.866667,1758.033333,6.566666667,1262.8,39526.9,1192.966667,885.3666667,824.3666667,4145.166667,9516.7,1652.166667,175.5333,7569.733333,3224.933333,51828.16667,27753.33333,762.5333333,4734.833333,7040.566667,21921.6,27371.63333,162.3666667,7530.766667,329.2333333,1385.466667,1011.133333,91.83333333,94.16666667,8500.366667,30475.23333,10104.6
Georgia,Europe,0.2090038,2,0,1644.666667,8342.866667,751.4,1505.566667,2228.4,87.3,717.6,2945.833333,103.4666667,1830.466667,412.3666667,1195.3,19498.63333,23453.46667,45.76666667,2234.766667,772.4666667,1515.833333,208.4666667,22.36666667,56924.56667,161.4,4136.7,1419.233333,7522.2,17191.23333,1904,6666.5,8803.766667,7417.066667,17817.5,20024.16667,218.1666667,2001.6,60342.06667,44561.36667,103879.7667,207.5666667,3414.633333,4748.933333,4543.066667,1977,83.6,253.4666667,12987.3,34780.76667,12434.26667
Bulgaria,Europe,0.2091108,2,67.03333333,2788.366667,13192.56667,297.6666667,12155.86667,2476.366667,99.96666667,1215.133333,2637.733333,94.23333333,689.4333333,2258.833333,2412.8,63189.5,77798,889.2666667,21506.43333,2334.5,2187.333333,93.6,71.7,107363.7667,284.4,910.6666667,4611.266667,15823.73333,70574.8,6310.666667,6682.0333,6669.5,3525.766667,37353.2,53735.4,378.7,3702.033333,22446.86667,17299.56667,165493.1333,266.2666667,9067.366667,20423.33333,682.4333333,920.2333333,122.3666667,372.7333333,19090.73333,67985.9,33685.2
Germany,Europe,0.2114086,2,770.4333333,22835.33333,27531.53333,12769.8,10616.9,15803.53333,1211.833333,4224.9,8792.2,275.6333333,5325.766667,4191.966667,4798.166667,130387.6,91233.7,413.2,48307.2,3883.066667,5328.366667,658.3,679.9333333,86332,2381.066667,10261.96667,12042.23333,6050.1,121765.8333,6159.966667,26134.1333,8987.666667,8569.4,53719.16667,41681.33333,925.5,618.9,30152.96667,10010.46667,51194.66667,1366.366667,60784.06667,18187.66667,24966.33333,8905.166667,655.4,831.9,28433.86667,62142.86667,105197.3
Portugal,Europe,0.2124051,2,196.4,12897.26667,7337.633333,2251.266667,24620.43333,7656.6,215.6,1203.8,1567.433333,258.2333333,1118.733333,3313.2,5623.9,98986.76667,46943.43333,295.5666667,22707.4,896.0333333,3057.933333,53.9,954.8333333,54447.93333,2549.833333,6588.466667,11008.1,14757.03333,60562.2,2284.566667,47800.1333,9052.133333,43904.13333,67227.7,72861,1709.133333,2485,31282,6496.166667,101521.0333,1782.366667,82916.36667,17166.23333,3613.2,6388.9,329.9333333,428.4333333,24016,42489.93333,110619.2333
Latvia,Europe,0.2146954,2,6871.133333,7628.333333,13857.63333,2921.966667,7736.666667,12584.5,672.7333333,1655.833333,3442.033333,209.5666667,2276.8,2301.933333,2049.133333,42904.83333,32006.16667,144.6,22356.46667,1643.366667,2711.366667,485.0333333,192.2,59405.76667,743.8333333,7559.733333,6597.433333,10343.33333,71781.7,13195.66667,9251.6667,14241.86667,3665.166667,55547.93333,49986.2,543.5,3952.666667,85191.7,52899.4,95219.56667,330.9666667,56502.76667,17664.5,14065.73333,3519.433333,179.7,559.1666667,26338.8,37478.63333,88511.13333
Serbia,Europe,0.2173785,2,177.6,2337.5,15247.13333,287.8333333,6934.933333,4453.566667,210.3666667,2032.766667,2609.433333,103.3333333,995,3034.533333,4582,72291.36667,60812.06667,367.7666667,22918.13333,1598.666667,4046.9,70.33333333,31.9,104314.5667,209.1666667,2480.333333,3923.7,9252,81685,2800.233333,6308.3,13957.1,1536.666667,33521.13333,49102.2,348.0666667,3348.866667,29583.36667,29583.36667,151136.0667,413.2,31631.03333,19431.43333,2789.8,2347.933333,141.7666667,426.9,15837.96667,69515.9,53199.93333
Ecuador,America,0.2183758,2,133.7666667,1851.133333,3227.966667,80.9,9029.4,1463.8,206.9666667,181.8333333,344.1333333,175.7,662.1333333,595.2333333,869.8333333,35031.23333,52156.73333,77.93333333,7321.5,1721.566667,843.5333333,12.83333333,229.6333333,28380.3,430.9333333,1144.1,1032.5,4249.966667,27291.4,2137.6,748.8333,1414.433333,2760.766667,17409.43333,10773.46667,353.1,1125.766667,7655.166667,8217.7,11882.33333,419.5333333,32145.36667,3687.333333,213.5666667,1191.166667,83.1,130,6213,20808.06667,36225.66667
Poland,Europe,0.2272632,2,86.43333333,6823.033333,6944.866667,2191,6284.3,9210.233333,989.1,1540.033333,4391.533333,171.1,1200.066667,2720.5,3129.766667,56575.1,47497.36667,683.3,34381.63333,1532.466667,2385.466667,637.8666667,264.5333333,75819.73333,914.3,8065.4,4340.366667,5947.8,86080.56667,7974.133333,6158.6667,9146.233333,7548.833333,39472.76667,58908.73333,453.0333333,1862.666667,100107.3667,21013.46667,116465.7,1079.366667,34384.36667,10295.36667,9271.133333,2190.066667,160.1333333,492.2666667,18090.3,50266.16667,54810.1
Belarus,Europe,0.231179,2,3064.433333,4225.466667,14961.96667,2382.166667,8495.133333,4130.7,133.6,909.8333333,2757.333333,51.93333333,3507.233333,1219.933333,5098.066667,24038.03333,34203.86667,0,12320.53333,162.9,495.3,634.7666667,69.66666667,40897.2,669.8666667,6236.533333,3988.633333,10428.6,44907.93333,13110.66667,26462.1333,15701.7,5697.6,13705.86667,14968.73333,194.8333333,1537.466667,107088.9,34278.43333,79892.03333,1437.633333,44447.96667,21490.16667,19663.46667,2739.866667,206.5,406.4333333,24819.96667,30754.36667,82030.06667
Uruguay,America,0.2343565,2,84.46666667,5963.833333,3333.3,384.4666667,17619.1,4798.166667,136.1,999.6666667,1321.166667,440.7666667,1817.933333,3577.866667,4045.333333,60169.23333,60260.23333,44,3104.333333,198.7666667,617.1333333,153.2666667,9160.166667,72835.73333,650.7666667,2934.533333,3600.3,11640.8,24399.1,2011.033333,25209.1333,5612.933333,11941.23333,57905.8,58210.3,1567.266667,3888.033333,47469.46667,45653.8,91141.6,180.2,70911.13333,9226.1,3526.966667,1890.366667,299.7,312.8666667,17154.63333,52487.56667,84079.93333
Bosnia and Herzegovina,Europe,0.2364741,3,14.46666667,2472.766667,5159.166667,701.4666667,4958.766667,5908.2,440.5,2126.033333,3347.7,135.1,1053.2,3082.633333,5187.366667,42199.06667,33880.9,1230.166667,12698.26667,385.5,4860.5,71.43333333,66.83333333,40969.66667,274.6666667,2392.833333,3000.8,14425.8,61191.9,1600.5,4602.7,6808.766667,764.7,16353.5,23955.96667,147.4666667,1630.666667,14408.33333,15210.43333,73627.06667,420.7,36586.03333,12010.26667,6013.466667,1234.5,147.8,249.3,21715.86667,29554.53333,54328.16667
Kazakhstan,Asia,0.2365025,3,260.2333333,1842.866667,7579.466667,1002.266667,6290.166667,4846.866667,220.8333333,856.4333333,3486.9,53.46666667,4056.933333,1644.1,825.2333333,40632.13333,48020.7,5.466666667,19660.53333,1013.1,214.9,1580.766667,14.93333333,50497.5,317.3333333,3552.6,2249.566667,8947.833333,31965.43333,4131.6,2718.3,3856.066667,3349.8,9345.966667,10552.93333,111.2333333,250.4,74288.4,13584.46667,27988.2,311.7,11844.93333,8851.733333,3178.766667,1970.733333,97.06666667,209.8,15769.9,34080.63333,25532.86667
Tunisia,Africa,0.2370789,3,0,1245.533333,1330.666667,13.85,13125.36667,9110.133333,14.46666667,1191.033333,955.7,361.4333333,2709.833333,144.7333333,1805.766667,82259.93333,24023.56667,49.4,5157.8,311.5666667,1816.5,711.8666667,18.33333333,73111.76667,152.9666667,637.1666667,1145.766667,18788.6,11616.13333,39.6,2271.9,9352.666667,12385.4,66508.9,29764.33333,885.5666667,7307.733333,44173.6,24895.13333,138784.5667,95.06666667,47157.3,8197.933333,1132.6,1658.033333,131.5333333,87.66666667,20192.83333,57961,56346.76667
Lithuania,Europe,0.2381051,3,3028.733333,5672.133333,16555.63333,5563.266667,7525.733333,15141.2,420.8333333,1329.866667,4063.066667,61.13333333,1198.333333,2634.466667,2133.633333,41431.2,24235.43333,338.5666667,23755.9,1825.766667,3140.5,534.7,201.2,44302.06667,1007.066667,6246.666667,3428.4,10956.1,101753.1667,12689.66667,10880.0333,11936.26667,3064.966667,46574.03333,41802.06667,441.2,3291.533333,87802.73333,44275.43333,79676.6,432.4,33318.33333,17423.03333,10396.73333,5230.166667,185.3333333,563.3,24033.7,30114.23333,61049.93333
Spain,Europe,0.2387882,3,1059.766667,22400.93333,19507.16667,7940.333333,10296.9,10982,1994.066667,1668.033333,2058.166667,279.5333333,1901.433333,8946.233333,6133.333333,160727.9667,88442.93333,207.4333333,25002,6186.233333,3172.3,115.9666667,1585.233333,59191.06667,1402.466667,1270.266667,7718.733333,0,80556.66667,6430.033333,26762.5667,12233.86667,32654.63333,112763.5,51043.73333,2055.3,4740.033333,33934.36667,7319.866667,70960.16667,2468.533333,100433.7667,17605.96667,7247.466667,6880.866667,575.6666667,508.6,29654.26667,44410.63333,125719.6667
Azerbaijan,Europe,0.2400982,3,0,3236.866667,4725.2,343.1,3745.8,4686.166667,60.2,2191.366667,2110.733333,130.1333333,2251.2,1797.6,2290.566667,6187.9,22539.2,549.9,1635.466667,14.6,58.43333333,717.6666667,31.6,58019.13333,134.0333333,4663.7,2458,9285.966667,5954.566667,2370.366667,913.4667,1948.3,2517.633333,27191.76667,5667.566667,254.9666667,3276.366667,19675.6,8449.966667,72103.06667,337.7333333,14379.3,7252.9,2631.233333,2511.333333,125.5666667,140,16605.2,35717.36667,26402.43333
Hungary,Europe,0.2401994,3,118.4666667,12035.96667,13150.76667,1232.766667,11639.03333,6138.133333,231.4,668.4,2975.3,219.7,1059.866667,3418.266667,3213.1,95369.53333,58044.33333,2111.933333,28253.86667,1906.966667,3401.9,226.7,388.2,83871.63333,794.5666667,6027.933333,6121.066667,11885.63333,71162.7,5423.3,24489.5333,11727.36667,3200.5,37382.96667,61054.06667,490.9333333,2692.566667,30669.46667,31042.63333,117190,669.9333333,58358.96667,9365.1,10013.93333,2870.2,176.2,418.8,22144.93333,59291.53333,79252.2
Slovakia,Europe,0.2409951,3,225.2666667,9255.466667,14193.43333,1085.333333,9232.566667,9208.033333,727.9,1795.333333,3440.433333,153.0333333,1355.8,3783.7,4362.533333,95572.66667,67813,3380.066667,14800.56667,2596.966667,2409.466667,314.3,692.3666667,82013.96667,884.3,8209.666667,7384.233333,8788.866667,80878.03333,7085.166667,13836.9333,12087.66667,4114.1,48646.43333,43032.7,645,3319.766667,29569.46667,23070.73333,84133.73333,870.1,34700.73333,11754,9412.066667,2256.433333,228.8,482.2333333,20662.9,56551,57554.86667
Canada,America,0.2418839,3,2526.633333,34535.46667,29811.46667,12183.46667,12718.1,17471.06667,7801.233333,3623,3423.133333,462.4,1133.9,8700.033333,4377.9,65247.3,100880.1667,72.73333333,62647.56667,5330.533333,2794.633333,529.1666667,412.8333333,37156.8,6130.533333,7894.966667,10254.4,12525.2,70966.3,4463.4,12200.7,8803,5479.7,65827.6,70773.66667,562.7666667,900.6333333,27705.96667,11292.33333,46077.46667,1315.2,82200.7,9417,11636.7,9228.933333,556.9333333,712.2333333,32690.96667,33861.3,106535
Costa Rica,America,0.2441945,3,1319.866667,2526.9,9112.666667,92.7,58279.06667,3943.833333,256.6666667,473.5333333,431.0333333,259.0333333,565.3666667,3122.133333,3181.233333,20739.03333,72916.96667,814.0333333,16774.1,3799.7,3778.133333,43.4,484.6,24395.73333,886.9666667,3555.033333,2124.833333,7344.066667,34645,2894.033333,1195.1667,8543.333333,3639.766667,58410.5,31322.76667,856.8333333,5344.233333,7946.133333,24740.96667,30891.7,496.3,32771.83333,2410.6,3623.8,2308.833333,167.4,224.2,13888.96667,21025.7,39003.46667
Russian Federation,Europe,0.2451274,3,3047.233333,6048.166667,11937.9,4170.6,8698.3,8461.866667,249.3333333,419.1333333,4740.7,102.1333333,2603.9,2942.833333,4671.4,23902.33333,28801.96667,3.5,19564.1,650.2666667,719.9666667,1306,84.3,39451.73333,527.2333333,3370.066667,4643.666667,7826.733333,78060.13333,13955.03333,7025.4667,10006.73333,13149.1,44258.4,37197.2,262.5,1685.133333,74446.8,24995.03333,69440.5,2513,30455.86667,13908.1,5871.566667,2244.033333,195.8,502.2666667,18539.56667,31599.4,52046.36667
Ireland,Europe,0.2457695,3,2224.766667,24923.63333,14496.36667,6819.933333,7718.466667,9482.6,3156.5,1640,8329.7,414.0666667,3278.966667,11137.23333,6877.933333,40230.93333,103062.6667,9383.266667,21938.4,10059.9,894.8333333,2460.433333,257.0666667,61043.63333,7636.866667,10577.9,5448.966667,4371.866667,127574.1667,5110.9,16988,6473.066667,12499.53333,54876.6,79576.4,947.6,1332.5,52866.83333,8137.166667,59545.4,1468.5,145484.4667,12243,5275.966667,5881.433333,334.2333333,661.4666667,22925.83333,45092.7,166411.8333
United Kingdom,Europe,0.2467008,3,2175.033333,44816.1,32313.36667,15679.66667,8744.866667,13525.23333,4994.2,2496.266667,7430.966667,350.2666667,3169,10205.83333,8063.833333,30377.03333,78057.83333,7077.366667,39878.26667,7630.533333,1377.4,1847.733333,290.7333333,58107.26667,8521.366667,9000.3,8736.733333,0,89138.56667,5050.866667,22819.4,7261.333333,10411.23333,45030.23333,34241.5,263.0333333,2636.333333,44567.36667,8187.933333,60857.7,1025.1,95073.9,9369.633333,6384.6,7785.766667,421.8333333,669.7,24986.23333,44291.43333,116990.3
Australia,Oceania,0.2496787,3,17711.1,37561.03333,14120.16667,5892.9,13333.56667,14794.9,3311.966667,3037.366667,4062.4,185.2333333,3875.866667,7131.6,6610.2,28598.66667,96457,6547.933333,34816,6272.333333,2205.333333,789.6333333,744.9,44731.86667,5558.466667,6491.8,10243.5,3703.1,92031.9,2658.133333,23596.5333,8744.766667,11849.46667,46475.83333,85318.4,566.1333333,3037.5,20019.16667,11788.5,55720.86667,1138.2,106053.6,8436.466667,7351.466667,14535.43333,480.6,418.2666667,19898.5,38028.23333,127179.6333
Israel,Asia,0.2549704,3,89.66666667,10523.06667,8205.066667,1653.866667,12452,14407.76667,435.9666667,1724.4,2270.633333,371.5666667,627.8,6146.766667,6611.466667,65694.96667,74335.06667,1563.533333,33227.76667,1842.166667,1470.9,158.1,209.3333333,32334.9,2793.933333,1754.833333,8067.666667,29666.43333,9812.333333,1414.633333,3246.7333,10252,12987.16667,95019.83333,48178.23333,3193.733333,5244.666667,17548.6,38341.96667,157388.0333,972.1333333,55765.76667,16551.66667,10085.1,3724.933333,333.8,351.4666667,37119.36667,26631.73333,86646.1
Slovenia,Europe,0.2638705,3,2454.966667,7337.333333,11419.26667,2031.9,10990.76667,6365.633333,508.9,2039.6,3704.966667,234.2333333,1115.433333,3062.2,4645.4,69322.5,37099.73333,2377.3,25435.13333,2413.4,6250.933333,211.3,594.2,57991.4,1026.1,3039.866667,8041.9,9345.233333,83251.7,2772.433333,40043.3667,5639.466667,10319.6,61491.46667,38069.73333,11.3,2042.966667,15762.9,14666.83333,77765.4,1059.166667,75184,13103.76667,7001.166667,3239.9,228.3666667,353.1,17559.2,45317.53333,99504.33333
New Zealand,Oceania,0.2697569,3,13807.16667,27303.33333,13120.16667,6621.033333,9497.566667,10763.43333,1730.533333,3156.2,3892.033333,215.2666667,2465.766667,7701.7,7662.866667,12659.43333,56701.1,950.7,20378.96667,5561.966667,953.3333333,1005.566667,631.5666667,37284.33333,5694.7,11219.43333,8129.2,2133.166667,75100.5,2380.4,22806.6667,9203.966667,14368.1,58103.06667,71276.33333,793.5,1176.8,48307.43333,14777.5,46952.56667,1018.166667,114335.4,6150.566667,5392.4,13494.66667,277.6333333,369.9666667,19198.36667,32005.36667,132800.9667
Czech Republic,Europe,0.2793095,3,410.5,8943.833333,17111.43333,1814.266667,12743.13333,11062.4,626.1333333,1784.866667,4986.066667,222.9333333,1556.366667,3915.133333,4064.933333,131386.6333,65407.43333,2530.766667,23440.5,1695.566667,2505.3,411.4,498.2,88393.46667,1048,8767,10387.53333,8192.433333,161790.6333,6810.933333,16891.7667,11303.46667,4895.866667,41855.76667,56775.3,496.2333333,1064.233333,61729.63333,16625.7,79424.7,1141.233333,42347.36667,13655.96667,9601.6,3062,215.4666667,511.8333333,21927.36667,62208.33333,70163.76667
Chile,America,0.2896358,3,431.2666667,9581.966667,6937.666667,383.4666667,17394.66667,6575.5,266.4,1483.633333,1843.7,212.7666667,1220.4,3900.233333,4238.733333,16563.26667,125759.5333,1251.966667,12314.13333,385.2,382.6,710.3666667,829.4333333,94489.66667,1060.533333,3566.533333,5918.5,11228.26667,33044.86667,3477.5,16454.7667,7091.8,20827.73333,61046.76667,62239.13333,1627.966667,4187.133333,50147,23682.63333,94548.26667,591.8333333,20579.7,8320.166667,5449.9,5682.866667,276.8666667,483.3,20101.93333,69019.1,37038.3
Turkey,Asia,0.2914153,3,13.25,2046.233333,1889.1,186.6333333,8633.833333,4300.166667,171.9666667,1478.9,1275.7,169.6333333,2233.7,3806.833333,3189.066667,107464.4667,39099.96667,94.76666667,9879.166667,268.4666667,379.1333333,2854.966667,67.16666667,190884.2,164.2,3773.266667,4221.2,0,12231.93333,831.8,1062.9667,9172.866667,6309.566667,106660.0333,23868.56667,842.2333333,11690.9,38470.96667,19837.96667,154710.9333,487.3333333,10062.76667,14811.1,655.6,2498.266667,208.5666667,191.9,23311.96667,119329.8,29359
Argentina,America,0.2914428,3,244.1333333,6191.133333,7668.366667,107.3666667,14493.13333,7684.366667,124.8666667,994.1,852.4,489.6333333,2236.766667,4629.2,6835.9,101855.3333,175783.5667,4728.7,3215.966667,1260.6,831.3,181.7,6280.733333,67932.63333,404,1472.533333,12675.66667,10130.9,43905,1233.533333,28409.6333,9879.566667,4408.266667,95019.53333,84884.2,1123.9,1272.6,41013.73333,15109.23333,60195.13333,770.0333333,37293.83333,9990.833333,4294.766667,1868.066667,325.6,402.2,16529.06667,53816.06667,60104.7
Venezuela (Bolivarian Republic of),America,0.3062608,3,927.8666667,3237.066667,4561,231.9666667,32886.96667,4903.833333,278.4333333,64.2,390.6333333,204.9333333,754.7,3098.533333,2676.633333,17834.3,78869.43333,13.23333333,16732.3,4353.633333,1686.133333,20.6,962.3333333,21631.66667,1411.566667,4678.666667,5561.833333,8599.066667,88484.73333,3926,532.9,4472.933333,13037.73333,79704.33333,45626.7,1607.6,5093.1,35219.06667,18712.46667,54012.56667,1441.566667,15388.1,1643,561.1666667,1493.133333,117.1333333,217.1,14898.06667,28510.26667,21720.8
United States of America,America,0.3179603,3,2067.1,41296.2,33816.4,10371.56667,12404.43333,19534.26667,6092.1,3557.733333,5709.8,693.4333333,3045.933333,14440.53333,6181.533333,101035.2333,179902.7333,17.03333333,54529.2,18567.8,2851.2,217.8666667,238.2333333,42426.43333,5745.266667,6330.6,10587.76667,7076.7,80914.63333,5212.2,8628.1,14670.36667,5465.033333,56064.76667,64325.96667,1188.133333,1211.333333,18238.23333,11208.13333,62105.46667,1220.5,79580.73333,6234.633333,10499.73333,11902.43333,644.8,837.8,29411.8,34784.43333,100723.3333
Mexico,America,0.3270856,3,874.3333333,4488.633333,4637.7,497.3,9456.033333,8500.7,269.6333333,974.7666667,406.5333333,722.8333333,1920.3,4336.2,4551.433333,145684.5333,140737.0333,211.7666667,26682.13333,2519.1,557.2666667,15.5,654.0666667,167381.6333,1022.8,3317.6,5663.266667,11951.13333,57139.53333,1877.266667,500.7667,17642.73333,5555.1,77902.9,45241.43333,2907.4,10123.26667,7844.866667,21776.53333,54477.53333,659.9666667,49364.3,5119.933333,4731.933333,2428.166667,344.3666667,294.0666667,28015.73333,108494.4333,65728.83333
South Africa,Africa,0.334897,3,3278.166667,5927.266667,3512.933333,460.2333333,15566.8,2433.666667,204.6666667,388.6666667,902.7666667,218.7,1049.466667,1953.566667,782.9666667,6007.966667,62444.13333,3670.633333,7477.233333,1538.466667,97.3,489.5,471.1666667,29825.16667,1848.1,3117.866667,2471.2,11290.9,59794.4,2365.4,6842.0333,7390.466667,5383.466667,21316.43333,45361.3,1269.366667,2358.5,26957.63333,24765,35341.26667,657.4,26272.73333,3927.466667,1856.4,1326.533333,55.23333333,247.0666667,15623.16667,18530.43333,32373.9
United Arab Emirates,Africa,0.3391329,3,125.5333333,9416.633333,4180.066667,236.3666667,60477.03333,6268.566667,230.9,784.2333333,1697.366667,158.7333333,487.7666667,4176.266667,3882.766667,163199.4667,59504.53333,508.4,51552.53333,5522.133333,1915.4,1545.133333,139.8333333,44854.83333,1254.8,1601.1,3254.3,13963.93333,12461.13333,2555.8,1951.2667,9543.533333,15767.63333,88710.63333,56572.6,10616.76667,15393.3,32178.7,27621.96667,70104.16667,968.1333333,34986.36667,26258.56667,11308.53333,2187.9,158.4,246.6666667,20037.56667,32608.4,67731.2
Egypt,Africa,0.3453154,3,7.533333333,1202.5,2489.666667,5.9,26409.13333,2774.566667,7.266666667,448.4,243.0666667,171.6,718.6,1633.233333,1621.5,15191.4,27448.76667,43.36666667,6726,24.73333333,276.7333333,1200.466667,28.46666667,78885.13333,35.36666667,3811.833333,4105.133333,7266.3,1277.766667,23.96666667,44.6333,3513.166667,11994.93333,79056.46667,17265.56667,649,10016.83333,20205.26667,21488.6,143320.9,132.1666667,2119.733333,2893.533333,181.2,3687.533333,58.26666667,54.93333333,13445.93333,54922.06667,8820.6
Saudi Arabia,Asia,0.3532876,3,0,7585.9,2002.7,49.4,36049.96667,4214.8,112.8666667,767.8333333,1384.466667,288.7333333,861.0333333,2868.033333,1315.066667,136516.7667,99027.7,458.6333333,32660.76667,2443.833333,415.5666667,556.4333333,283.7,124947.6333,821.5,525.7666667,2688.533333,5881.966667,2652.8,0,0,4441.066667,6518.866667,36350.43333,44202.53333,808.3333333,2715,5200.933333,19286.13333,57544.86667,883.4333333,25288.8,17797.36667,3494.833333,1400.6,229.5333333,143.7,11653.46667,82370.6,45401.13333